id	handle	title	category	descr	bucket
prod_01KTVK85RY9CBWKHQ9SQTEDSPQ	tpl-can-63	cartoon network card sticker	Card Stickers	has	X
prod_01KTVK85RW41QXH1ERVBCAKSRD	tpl-hol-166-cs	Hang on let me overthink card sticker	Card Stickers	has	X
prod_01KTVK85RW492K8M2REMC4GNB9	tpl-iss-186-cs	I solemnly swear - harry potter card sticker	Card Stickers	has	X
prod_01KTVK85RWHYPDNDY1CFY8PB1F	tpl-mat-240-cs	Monopoly advance to home card sticker	Card Stickers	has	X
prod_01KTVK85RWVH9GMYD8TRHSZFMC	tpl-mgo-242-cs	Monopoly get out of work card sticker	Card Stickers	has	X
prod_01KTVK85RWPTRWZ5WA6F08SPQP	tpl-pok-295-cs	Pokemon card sticker	Card Stickers	has	X
prod_01KTVK85RW1FHXZGJ94TBCYM50	if-cs-0003	Rich Af card sticker	Card Stickers	has	X
prod_01KTVK85RWQKYJ1W8FRMW9K4S0	if-cs-0051	Rick and morty portal card sticker	Card Stickers	has	X
prod_01KTVK85RWN0EPQSM3KA3PHWT0	tpl-su-amp-337-cs	SHUT UP &amp; TAKE MY MONEY card sticker	Card Stickers	has	X
prod_01KTVK85RW8ZNEE8RBG5982QJT	if-cs-0024	Stranger things card sticker	Card Stickers	has	X
prod_01KTVK84PZXN6BR9P07ZTSQ6SC	if-dskc-0044	Always hungry Keychain	Double sided Keychain	has	X
prod_01KTVK852Y35D9BJWBKSZJRA4Q	if-dskc-0080	BTS Keychain	Double sided Keychain	has	X
prod_01KTVK84PZK0SVQ670S6XAZ55N	if-dskc-0031	Coffee Keychain	Double sided Keychain	has	X
prod_01KTVK84PZ8DKQRPQY5SDE382S	if-dskc-0039	Cute cat Keychain	Double sided Keychain	has	X
prod_01KTVK852YPYYTN0JDHGHEH547	if-dskc-0078	Dota Keychain	Double sided Keychain	has	X
prod_01KTVK84PZG6BSJJ59E3EQVR0S	if-dskc-0046	Fries Keychain	Double sided Keychain	has	X
prod_01KTVK84PY2M48PZ16PV95WR7H	if-dskc-0011	give into beer pressure Keychain	Double sided Keychain	has	X
prod_01KTVK84PZF996J67YW84WMH1R	if-dskc-0049	Macaron Keychain	Double sided Keychain	has	X
prod_01KTVK84PZZETRFRCXQ188VGRH	if-dskc-0054s	Pancake Keychain	Double sided Keychain	has	X
prod_01KTVK84PY5569B7GC4P6Z7GH4	if-dskc-0017	Playstation Keychain	Double sided Keychain	has	X
prod_01KTVK852Y3RPS26GPN6CCZP4Q	if-dskc-0079	Pubg Winner winner chicken dinner Keychain	Double sided Keychain	has	X
prod_01KTVK84PZ50VYXK86EZC6BFRZ	if-dskc-0051	Rainbow cake Keychain	Double sided Keychain	has	X
prod_01KTVK84PYV7VQ1ZA9G88X3R7P	if-dskc-0013	Vinyl keychain	Double sided Keychain	has	X
prod_01KTVK85RYDZSY7QWYRV22J0JP	tpl-awn-23	All we need is love earrings	Earrings	has	X
prod_01KTVK852Z6ZV1KZTD75WW9MEH	tpl-awn-23-er	All we need is love earrings	Earrings	has	X
prod_01KTVK852YCVQ1E6ZVX1JERDK3	tpl-bob-43-er	Boss babe earrings	Earrings	has	X
prod_01KTVK85RYP97PR1TXWQBDXCDA	tpl-bob-43	Boss babe earrings	Earrings	has	X
prod_01KTVK85RYERR9BX4YY7V5DFP5	tpl-bts-55	BTS earrings	Earrings	has	X
prod_01KTVK852Z5BMKK3582E29V35V	tpl-bur-57-er	Bullshit remover earrings	Earrings	has	X
prod_01KTVK852ZPCEJKRXP9B5XVW0A	tpl-bur-59-er	Burger earrings	Earrings	has	X
prod_01KTVK85RYJC0JX8QYPBP99Y50	tpl-bur-59	Burger earrings	Earrings	has	X
prod_01KTVK85RYARCJ41C28AAQG169	tpl-cya-67	Cat Yin and Yang earrings	Earrings	has	X
prod_01KTVK852ZX94W57C52CJA5AMZ	tpl-cya-67-er	Cat Yin and Yang earrings	Earrings	has	X
prod_01KTVK85RY8MYS9JEV8HCDHYQQ	tpl-cof-77	Coffee earrings	Earrings	has	X
prod_01KTVK85RYXGM0G888BFEE3EQ4	tpl-cmm-78	Coffee made my day earrings	Earrings	has	X
prod_01KTVK85RYQCCF0CX3NXRE8JSZ	tpl-col-80	Cola earrings	Earrings	has	X
prod_01KTVK852Z62PSDFRC8P1330N1	tpl-col-80-er	Cola earrings	Earrings	has	X
prod_01KTVK85RZHX3Z3DKTXMCQN14H	tpl-cup-97	Cute Peach earrings	Earrings	has	X
prod_01KTVK852Z4DNSNMJJ9H0KGHW3	tpl-cup-97-er	Cute Peach earrings	Earrings	has	X
prod_01KTVK852ZAH4KZ9YM9TFPCFEN	tpl-dgw-113-er	Dogs go woof earrings	Earrings	has	X
prod_01KTVK85RZTZKD8VQVSE88XA8Q	tpl-dgw-113	Dogs go woof earrings	Earrings	has	X
prod_01KTVK852Z6GNFVHP6EZG8CMX0	tpl-ets-127-er	Enjoy the shit show earrings	Earrings	has	X
prod_01KTVK861Z583CW5Y4W2RPA3PA	tpl-ets-127	Enjoy the shit show earrings	Earrings	has	X
prod_01KTVK852ZZDS58B999W551PG2	tpl-fri-140-er	Fries earrings	Earrings	has	X
prod_01KTVK861ZW5FW9RGXQX31MCTY	tpl-fri-140	Fries earrings	Earrings	has	X
prod_01KTVK861Z3WEMVM56VZRSV2D3	tpl-gin-157	Gin earrings	Earrings	has	X
prod_01KTVK852ZHCXCE76RKBK84F55	tpl-gin-157-er	Gin earrings	Earrings	has	X
prod_01KTVK852YV8AEDRGS1PFDSQ7G	tpl-heb-172-er	Heart breaker earrings	Earrings	has	X
prod_01KTVK8620V7WSA7BCVPYJQ6YA	tpl-heb-172	Heart breaker earrings	Earrings	has	X
prod_01KTVK8620CKFREZDP2H6VYSFG	tpl-hoc-180	Hot cocoa earrings	Earrings	has	X
prod_01KTVK852ZFJHKDF74CJ5CJ595	tpl-hoc-180-er	Hot cocoa earrings	Earrings	has	X
prod_01KTVK852ZA7AN4QQ8REDER2XM	tpl-hos-182-er	Hot stuff earrings	Earrings	has	X
prod_01KTVK862067DTV4T816ZFW1ZM	tpl-hos-182	Hot stuff earrings	Earrings	has	X
prod_01KTVK8620DKZY2YNRFP8QSYBN	tpl-icl-190	Ice Cream Love bites earrings	Earrings	has	X
prod_01KTVK852Z37PDE4EVV48NTHW4	tpl-icl-190-er	Ice Cream Love bites earrings	Earrings	has	X
prod_01KTVK852YN5FSBAEQP12F2P3W	tpl-idr-192-er	Idiot repelent earrings	Earrings	has	X
prod_01KTVK8620AWS38SP2ACB304SA	tpl-idr-192	Idiot repelent earrings	Earrings	has	X
prod_01KTVK852Z0FX0H9R3C9NRBFNK	tpl-inl-194-er	Insta like earrings	Earrings	has	X
prod_01KTVK862058N7RJ5E7M8WGH6N	tpl-inl-194	Insta like earrings	Earrings	has	X
prod_01KTVK852Z8W3GNQD656ZF5MVB	tpl-lpm-207-er	Less Panic More Disco earrings	Earrings	has	X
prod_01KTVK8620VWGW5XJ6546K8CDK	tpl-lpm-207	Less Panic More Disco earrings	Earrings	has	X
prod_01KTVK86205BRRKEQJB2NGEYY5	tpl-mac-217	Macaron earrings	Earrings	has	X
prod_01KTVK852ZCXJTP7JKES8Q6GBH	tpl-mac-217-er	Macaron earrings	Earrings	has	X
prod_01KTVK8620QV7R4E2NH991TYEW	tpl-mop-232	Moka pot earrings	Earrings	has	X
prod_01KTVK852Z92NF72T4TDFW2ZX0	tpl-mop-232-er	Moka pot earrings	Earrings	has	X
prod_01KTVK8620W7XEFRZCR0JBX0AR	tpl-no-268	No earrings	Earrings	has	X
prod_01KTVK852ZKARRWGVXHH02EVD6	tpl-no-268-er	No earrings	Earrings	has	X
prod_01KTVK8620GV7ZSRPPEWHAP6J3	tpl-noi-269	Noice earrings	Earrings	has	X
prod_01KTVK852ZY1TS3KMKC6QHDFXV	tpl-piz-286-er	Pizza earrings	Earrings	has	X
prod_01KTVK852ZDVD0BMFP3BG7WF2H	tpl-pbt-301-er	Premium boy tears earrings	Earrings	has	X
prod_01KTVK8620130YFWMD77KK4SNG	tpl-pbt-301	Premium boy tears earrings	Earrings	has	X
prod_01KTVK8621YMGQF891VZFMM9YE	tpl-rai-313	rainbow earrings	Earrings	has	X
prod_01KTVK852ZPVPXZM1KFQZ548WQ	tpl-rai-313-er	rainbow earrings	Earrings	has	X
prod_01KTVK8621W9ZE1PTCYA3N1K0S	tpl-ros-327	Rolling stones earrings	Earrings	has	X
prod_01KTVK852ZESZV20MP06MCS7WZ	tpl-ros-327-er	Rolling stones earrings	Earrings	has	X
prod_01KTVK852Z9AW139HWQ3XHMVX4	tpl-sui-367-er	Suck it earrings	Earrings	has	X
prod_01KTVK8621NZMJCKE06A1054K0	tpl-sus-372	Sushi earrings	Earrings	has	X
prod_01KTVK852ZZPFQFR7JAZRH5F92	tpl-sus-372-er	Sushi earrings	Earrings	has	X
prod_01KTVK86218QGR98AVTDWB71E7	tpl-tmo-377	Take me out earrings	Earrings	has	X
prod_01KTVK852ZZXD3QK4ZX96DR1A2	tpl-tmo-377-er	Take me out earrings	Earrings	has	X
prod_01KTVK86212392NEKEMB2QJV6S	tpl-uni-388	Unicorn earrings	Earrings	has	X
prod_01KTVK852Y6HBPZA5DC4R8HBS2	tpl-uni-388-er	Unicorn earrings	Earrings	has	X
prod_01KTVK86214FDVZK2PCPGHC6XS	tpl-via-389	Vacation in a bottle earrings	Earrings	has	X
prod_01KTVK852ZKV48CSQSWG867WTE	tpl-via-389-er	Vacation in a bottle earrings	Earrings	has	X
prod_01KTVK852ZQ8T0K8TD0S0652Q4	tpl-wia-404-er	World in a bottle earrings	Earrings	has	X
prod_01KTVK869S5GF01VB7DC7C5YC8	tpl-wia-404	World in a bottle earrings	Earrings	has	X
prod_01KTVK8530GYVN9JZG8N19XS4S	tpl-aco-3-fm	A cup of coffee Fridge magnet	Fridge Magnets	has	X
prod_01KTVK85RYYHD59V0N1483A28K	tpl-aco-3	A cup of coffee Fridge magnet	Fridge Magnets	has	X
prod_01KTVK852ZVFH47V2N5W64KS2M	tpl-awn-23-fm	All we need is love Fridge magnet	Fridge Magnets	has	X
prod_01KTVK8530RBYXFMVSEF99205E	tpl-alh-24-fm	Always hungry Fridge magnet	Fridge Magnets	has	X
prod_01KTVK85RYHWKHKA408459BRTT	tpl-alh-24	Always hungry Fridge magnet	Fridge Magnets	has	X
prod_01KTVK85RXJ5TSF2EC2NRSWTZ0	tpl-asc-25-fm	Always sleepy cat club Fridge magnet	Fridge Magnets	EMPTY	X
prod_01KTVK85RYTP5YNNETA6AGM87J	tpl-asc-25	Always sleepy cat club Fridge magnet	Fridge Magnets	EMPTY	X
prod_01KTVK85RY7V0FCANRX8F4V21S	tpl-alt-26	Always tired Fridge magnet	Fridge Magnets	has	X
prod_01KTVK852ZSKYS0D047TSKEDED	tpl-alt-26-fm	Always tired Fridge magnet	Fridge Magnets	has	X
prod_01KTVK85RYF676GAQ9MDQ1730T	tpl-ars-28	Arsenal Fridge magnet	Fridge Magnets	has	X
prod_01KTVK852Z3HTFP0E19ZD1Q6YZ	tpl-ars-28-fm	Arsenal Fridge magnet	Fridge Magnets	has	X
prod_01KTVK85RY448JE814G7HZ0JK8	tpl-bam-34	Bayern Munich Fridge magnet	Fridge Magnets	has	X
prod_01KTVK852Z5579GEFEXGK9FSTS	tpl-bam-34-fm	Bayern Munich Fridge magnet	Fridge Magnets	has	X
prod_01KTVK85307FSCNCPYAP6WY7C2	tpl-bep-38-fm	Beer Pressure Fridge magnet	Fridge Magnets	has	X
prod_01KTVK85RYSREFEJ1T2XA1N58A	tpl-bep-38	Beer Pressure Fridge magnet	Fridge Magnets	has	X
prod_01KTVK84PYTXRGTTZ8RBWAEWST	tpl-bib-39-fm	Bibliophile Fridge magnet	Fridge Magnets	has	X
prod_01KTVK84PYEXNDZBR2DDCRQF9C	tpl-bob-43-fm	Boss Babe Fridge magnet	Fridge Magnets	has	X
prod_01KTVK852ZE4EGH0XJZ96HCPZG	tpl-bot-45-fm	Boy tears Fridge magnet	Fridge Magnets	has	X
prod_01KTVK85RYF2T0JRRDTVCE8KDC	tpl-bot-45	Boy tears Fridge magnet	Fridge Magnets	has	X
prod_01KTVK84PYR58ZK79W1V8MZWNW	tpl-bur-57-fm	Bullshit remover Fridge magnet	Fridge Magnets	has	X
prod_01KTVK85RY75A0W3SJZ1WMF2V5	tpl-bun-58	Bunny Fridge magnet	Fridge Magnets	has	X
prod_01KTVK84PYB995R99PVB6TW6GQ	tpl-bur-59-fm	Burger Fridge magnet	Fridge Magnets	has	X
prod_01KTVK84PYX0D8MGATKQT9Q9E0	tpl-cal-60-fm	Camping lighter Fridge magnet	Fridge Magnets	has	X
prod_01KTVK85RY457M184H2YWPV8EV	tpl-cal-60	Camping lighter Fridge magnet	Fridge Magnets	has	X
prod_01KTVK85309DJ6V1TR17Z1YZJV	tpl-cfb-66-fm	cat fish bowl Fridge magnet	Fridge Magnets	has	X
prod_01KTVK85RY9C8J4NE82A282XC0	tpl-cfb-66	cat fish bowl Fridge magnet	Fridge Magnets	has	X
prod_01KTVK85RY5K5PE5M4CPSJ756P	tpl-cya-68	Cat yin and yang Fridge magnet	Fridge Magnets	EMPTY	X
prod_01KTVK852Z90G2D6TDX9ZM4EAQ	tpl-che-70-fm	Chelsea Fridge magnet	Fridge Magnets	has	X
prod_01KTVK85RYHPAPHVFC515TTS5R	tpl-che-70	Chelsea Fridge magnet	Fridge Magnets	has	X
prod_01KTVK852ZRPKBTV52X8NX09GG	tpl-coc-76-fm	Coca Cola Fridge magnet	Fridge Magnets	has	X
prod_01KTVK85RYD0VVP41KHD6NC5NP	tpl-coc-76	Coca Cola Fridge magnet	Fridge Magnets	has	X
prod_01KTVK853029KN66Y24RY2R9WD	tpl-cmm-78-fm	Coffee made my day Fridge magnet	Fridge Magnets	has	X
prod_01KTVK85300QP0WA2YG60JJHK0	tpl-ccl-88-fm	Crazy cat lady Fridge magnet	Fridge Magnets	has	X
prod_01KTVK85RY285EJ263412CBRD2	tpl-ccl-88	Crazy cat lady Fridge magnet	Fridge Magnets	has	X
prod_01KTVK85RYKRYR0DXPXQ6GA26N	tpl-crb-90	Crystal bullshit Fridge magnet	Fridge Magnets	EMPTY	X
prod_01KTVK85RXS5PEBTYX3GERWF1K	tpl-crb-90-fm	Crystal bullshit Fridge magnet	Fridge Magnets	EMPTY	X
prod_01KTVK85RZG4QN055PDGNKHWAE	tpl-cus-99	Cute sushi Fridge magnet	Fridge Magnets	has	X
prod_01KTVK8530RE36G40GB7JAX7P6	tpl-cus-99-fm	Cute sushi Fridge magnet	Fridge Magnets	has	X
prod_01KTVK85RZGXP88Q4AT4F13AS0	tpl-doa-110	Dog approved Fridge magnet	Fridge Magnets	has	X
prod_01KTVK85308J822BVYHETDPC7S	tpl-dou-117-fm	Doughnut Fridge magnet	Fridge Magnets	has	X
prod_01KTVK861Z39BKZV6DDV5G90YP	tpl-dou-117	Doughnut Fridge magnet	Fridge Magnets	has	X
prod_01KTVK84PYXC09QW2EW1DJB64Y	tpl-dus-122-fm	Duff Simpsons Fridge magnet	Fridge Magnets	has	X
prod_01KTVK861ZAG1ETQC0W2XX1WBT	tpl-dus-122	Duff Simpsons Fridge magnet	Fridge Magnets	has	X
prod_01KTVK85RWNMN595JS847SVKNP	tpl-ets-128-fm	Enjoy the ShitShow Magnet	Fridge Magnets	has	X
prod_01KTVK861ZFAHPBQHTS44JB9KT	tpl-ets-128	Enjoy the ShitShow Magnet	Fridge Magnets	has	X
prod_01KTVK85RXGEA8F3KPBWR1ZQHQ	tpl-esm-129-fm	Everthing sucks Mixtape Fridge magnet	Fridge Magnets	EMPTY	X
prod_01KTVK861Z4JGXKG5GF498ZJFG	tpl-esm-129	Everthing sucks Mixtape Fridge magnet	Fridge Magnets	EMPTY	X
prod_01KTVK85RX8FFJYDJ1R2FAGM95	everything-sucks-mixtape-fridge-magnet-2	Everything Sucks Mixtape Fridge Magnet	Fridge Magnets	has	X
prod_01KTVK85RXSC84WNWYG9YNY8Z0	everything-sucks-mixtape-fridge-magnet	Everything Sucks Mixtape Fridge Magnet	Fridge Magnets	has	X
prod_01KTVK84PX0RJDPKJCGS3M18BK	tpl-exm-131-fm	Explore more Fridge magnet	Fridge Magnets	has	X
prod_01KTVK861ZNNCJV6WSJ9PVKJYK	tpl-exm-131	Explore more Fridge magnet	Fridge Magnets	has	X
prod_01KTVK85RXDFF394KY8DJQ9XP4	tpl-fil-132-fm	Fierce Lighter Fridge magnet	Fridge Magnets	EMPTY	X
prod_01KTVK861ZCT9FNSN6JHF6RWF4	tpl-fil-132	Fierce Lighter Fridge magnet	Fridge Magnets	EMPTY	X
prod_01KTVK861Z7TQ3ERSZMZ806AJA	tpl-fwe-133	First we eat Fridge magnet	Fridge Magnets	has	X
prod_01KTVK85307R33ACNKGNT7190H	tpl-fwe-133-fm	First we eat Fridge magnet	Fridge Magnets	has	X
prod_01KTVK84PY8BYRVZVFK14P1008	tpl-foa-136-fm	Forever alone Fridge magnet	Fridge Magnets	has	X
prod_01KTVK861ZDYPZJ8K2VMA421SB	tpl-foa-136	Forever alone Fridge magnet	Fridge Magnets	has	X
prod_01KTVK861ZYSGT6V9TSQT6VHA2	tpl-frf-139	Friends frame Fridge magnet	Fridge Magnets	has	X
prod_01KTVK84PXEZG1VECQH4REVVQ1	tpl-frf-139-fm	Friends frame Fridge magnet	Fridge Magnets	has	X
prod_01KTVK84PY34H4HX5WSHR4BDJS	tpl-fri-140-fm	Fries Fridge magnet	Fridge Magnets	has	X
prod_01KTVK861Z1YEGJ8REJC9TXTXS	tpl-g-amp-t-158	Gin &amp; Tonic Fridge magnet	Fridge Magnets	has	X
prod_01KTVK84PXDPV92G4GE79PR0Q8	tpl-g-amp-t-158-fm	Gin &amp; Tonic Fridge magnet	Fridge Magnets	has	X
prod_01KTVK8620DHY9SFJ5DWPJ24M1	tpl-g-s-162	GOT 'Em Sneakers Fridge magnet	Fridge Magnets	has	X
prod_01KTVK8620WH45KB14E44A3FM0	tpl-hpm-170	Harry potter - Mischief Fridge magnet	Fridge Magnets	has	X
prod_01KTVK84PYBWFKTW6CWTP9ZHXQ	tpl-hpm-170-fm	Harry potter - Mischief Fridge magnet	Fridge Magnets	has	X
prod_01KTVK8620K6M25X9CKY78M9C1	tpl-hog-177	Hogwarts Fridge magnet	Fridge Magnets	has	X
prod_01KTVK852ZMW4G7YPQW2SQ6WJZ	tpl-hog-177-fm	Hogwarts Fridge magnet	Fridge Magnets	has	X
prod_01KTVK86203V5QCKHSE8ZHGWZW	tpl-hsb-178	Homer Simpsons beer Fridge magnet	Fridge Magnets	has	X
prod_01KTVK852ZN93KKH040F0PE2AE	tpl-hsb-178-fm	Homer Simpsons beer Fridge magnet	Fridge Magnets	has	X
prod_01KTVK86206743CKE28F9S5M02	tpl-hsd-179	Homer Simpsons doughnut Fridge magnet	Fridge Magnets	has	X
prod_01KTVK852Z7DSXWVRJ78YTW94D	tpl-hsd-179-fm	Homer Simpsons doughnut Fridge magnet	Fridge Magnets	has	X
prod_01KTVK8530M8PN2J5XDGY2C33H	tpl-hoc-180-fm	Hot cocoa Fridge magnet	Fridge Magnets	has	X
prod_01KTVK84PYYY729PNRM6K7RSH7	tpl-hos-182-fm	Hot stuff Fridge magnet	Fridge Magnets	has	X
prod_01KTVK86200KXC90GDEKAAQ8EX	tpl-idr-193	Idiot Repellent Fridge magnet	Fridge Magnets	has	X
prod_01KTVK84PYA2SCNHM0AYK94W7F	tpl-idr-193-fm	Idiot Repellent Fridge magnet	Fridge Magnets	has	X
prod_01KTVK86208RQKYZZMNG6319WC	tpl-juv-200	Juventus Fridge magnet	Fridge Magnets	has	X
prod_01KTVK852ZHXNHRGCCEA250GYV	tpl-juv-200-fm	Juventus Fridge magnet	Fridge Magnets	has	X
prod_01KTVK85RXF29NYAGGZ0W1CS3Q	tpl-kma-204	Kiss my airs - Black Fridge magnet	Fridge Magnets	EMPTY	X
prod_01KTVK8620S1B6JCKCY3XGDF97	tpl-kma-205	Kiss my airs - Red  Fridge magnet	Fridge Magnets	has	X
prod_01KTVK85DTME76AKHQXFK8Z8ZY	tpl-kma-205-fm	Kiss my airs - Red  Fridge magnet	Fridge Magnets	has	X
prod_01KTVK86201CF7PMRH830GSSDF	tpl-lob-215	Love bites Fridge magnet	Fridge Magnets	has	X
prod_01KTVK852Z01T1BC72Z3K7TGE7	tpl-lob-215-fm	Love bites Fridge magnet	Fridge Magnets	has	X
prod_01KTVK8530K6EZMJFS01E0BMC8	tpl-mac-217-fm	Macaron Fridge magnet	Fridge Magnets	has	X
prod_01KTVK852ZEJ8EMP7MPW5YY8VX	tpl-mac-219-fm	Manchester city Fridge magnet	Fridge Magnets	has	X
prod_01KTVK8620HVQ6XYGY1GA3JW5Y	tpl-mac-219	Manchester city Fridge magnet	Fridge Magnets	has	X
prod_01KTVK8620VYV0G407D8H0JTF4	tpl-mau-220	Manchester United Fridge magnet	Fridge Magnets	has	X
prod_01KTVK84PXJQGSFR3FPM46FEHE	tpl-mau-220-fm	Manchester United Fridge magnet	Fridge Magnets	has	X
prod_01KTVK852ZQ9NDD8BF9RQGVHD6	tpl-mix-230-fm	Mixtape Fridge magnet	Fridge Magnets	has	X
prod_01KTVK86209XMY6RYHY13T61PC	tpl-mcp-231	Moka Coffee Pot Fridge magnet	Fridge Magnets	has	X
prod_01KTVK84PYDRECA0BTFNPA0N13	tpl-mcp-231-fm	Moka Coffee Pot Fridge magnet	Fridge Magnets	has	X
prod_01KTVK8530JR1SQ9HVBDZJFRVG	tpl-mom-233-fm	Monday morning Fridge magnet	Fridge Magnets	has	X
prod_01KTVK8620NPC7FYF8EKEY6E1Y	tpl-mom-233	Monday morning Fridge magnet	Fridge Magnets	has	X
prod_01KTVK8620S7WK6ATK0F4GBTX5	tpl-mor-244	Morty Fridge magnet	Fridge Magnets	has	X
prod_01KTVK8530RH1NDPZPZ9V0VQ5P	tpl-mor-244-fm	Morty Fridge magnet	Fridge Magnets	has	X
prod_01KTVK852Z78D3YK7XZG02PRDS	tpl-noi-269-fm	Noice Fridge magnet	Fridge Magnets	has	X
prod_01KTVK8530NS2J37PSG1GB8C05	tpl-pan-273-fm	Pancake Fridge magnet	Fridge Magnets	has	X
prod_01KTVK862055YXMZXF2C8H0K92	tpl-pan-273	Pancake Fridge magnet	Fridge Magnets	has	X
prod_01KTVK84PX3PHFC7JGAJHPHPX3	tpl-piz-286-fm	Pizza Fridge magnet	Fridge Magnets	has	X
prod_01KTVK852Z535YC5XSVR8DX334	tpl-pbw-304-fm	Professional binge watcher Fridge magnet	Fridge Magnets	has	X
prod_01KTVK8620TWXCQ6JN88M4B4BK	tpl-pbw-304	Professional binge watcher Fridge magnet	Fridge Magnets	has	X
prod_01KTVK84PXFBAPK6E47BF3J1BD	tpl-psg-305-fm	PSG Fridge magnet	Fridge Magnets	has	X
prod_01KTVK8621Y9GFS3SC5HST1BR0	tpl-psg-305	PSG Fridge magnet	Fridge Magnets	has	X
prod_01KTVK85301406J9HY48SPJCAM	tpl-rac-314-fm	Rainbow cake Fridge magnet	Fridge Magnets	has	X
prod_01KTVK86212VAW1W80PY4ZYFPR	tpl-rac-314	Rainbow cake Fridge magnet	Fridge Magnets	has	X
prod_01KTVK86214ZB0YVZ72SVQ31JV	tpl-ric-318	Rick Fridge magnet	Fridge Magnets	has	X
prod_01KTVK852Z88V4780FWBVHDQDW	tpl-ric-318-fm	Rick Fridge magnet	Fridge Magnets	has	X
prod_01KTVK8621K6QKSJGXVEND4H7E	tpl-rnm-323	Rick n Morty Fridge magnet	Fridge Magnets	has	X
prod_01KTVK84PXWZ9YKEZ4V2YRVGQ6	tpl-rnm-323-fm	Rick n Morty Fridge magnet	Fridge Magnets	has	X
prod_01KTVK85RXPC6F5FH4A06GY4S7	tpl-ses-333-fm	Selflove Sauce Fridge magnet	Fridge Magnets	EMPTY	X
prod_01KTVK8621CZY23D2G0XMMTDX6	tpl-ses-333	Selflove Sauce Fridge magnet	Fridge Magnets	EMPTY	X
prod_01KTVK85RXFRP0BGN43WRJ2EDF	tpl-ses-334-fm	Serotonin spray Fridge magnet	Fridge Magnets	EMPTY	X
prod_01KTVK8621J3NNVA38GS9743TG	tpl-ses-334	Serotonin spray Fridge magnet	Fridge Magnets	EMPTY	X
prod_01KTVK852ZD7B9VPAN1FNYQ189	tpl-shh-335-fm	Shit happens Fridge magnet	Fridge Magnets	has	X
prod_01KTVK862151P1ERNMZAF5SKE5	tpl-shh-335	Shit happens Fridge magnet	Fridge Magnets	has	X
prod_01KTVK8621ZBRCHMW60X5YEGJC	tpl-slc-339	Sleepy cat Fridge magnet	Fridge Magnets	has	X
prod_01KTVK86210HF01NRRQBQ0T9CZ	sneaker-collection-fridge-magnet	Sneaker collection Fridge magnet	Fridge Magnets	has	X
prod_01KTVK84PYKP7EMN00C7JMZ2V7	fm	Sneaker collection Fridge magnet	Fridge Magnets	has	X
prod_01KTVK84PYCV317NRAWSB71A92	tpl-str-359-fm	Starwars R2D2 Fridge magnet	Fridge Magnets	has	X
prod_01KTVK8621M5TP8W6R5QA1TKMX	tpl-str-359	Starwars R2D2 Fridge magnet	Fridge Magnets	has	X
prod_01KTVK84PYDWB91Z4T7FPD7E04	tpl-sof-362-fm	Straight outta F#_ks to give Fridge magnet	Fridge Magnets	has	X
prod_01KTVK8621EMK1DM1SEDTSYGKA	tpl-sts-366	Strawberry shortcake Fridge magnet	Fridge Magnets	has	X
prod_01KTVK8530B5BVQRVKT787HX02	tpl-sts-366-fm	Strawberry shortcake Fridge magnet	Fridge Magnets	has	X
prod_01KTVK84PX04DYTF54T22C7ETJ	tpl-sui-367-fm	Suck it Fridge magnet	Fridge Magnets	has	X
prod_01KTVK8530BBW2R1535Y7VKVCB	tpl-sul-373-fm	Sushi love Fridge magnet	Fridge Magnets	has	X
prod_01KTVK8621KMAT3ZY0ARG33APC	tpl-sul-373	Sushi love Fridge magnet	Fridge Magnets	has	X
prod_01KTVK8621D1JCJ7Q0Y0DY1QDG	tpl-trb-385	Travel backpack Fridge magnet	Fridge Magnets	has	X
prod_01KTVK84PYE48TP2MM6NX195PD	tpl-trb-385-fm	Travel backpack Fridge magnet	Fridge Magnets	has	X
prod_01KTVK84PYX8P0W3AD4DGFFKTE	tpl-uni-388-fm	Unicorn Fridge magnet	Fridge Magnets	has	X
prod_01KTVK84PY7B8D3N4N712SWYRA	tpl-via-389-fm	Vacation in a bottle Fridge magnet	Fridge Magnets	has	X
prod_01KTVK8621EPVCBCH6YFQ4BNV0	tpl-vis-393	Vitamin sea Fridge magnet	Fridge Magnets	has	X
prod_01KTVK852ZG30YCSY591KZ2JFS	tpl-vis-393-fm	Vitamin sea Fridge magnet	Fridge Magnets	has	X
prod_01KTVK86216GV820ZQ6ENN021A	tpl-wfm-394	Warning Feeling may Arise magnet	Fridge Magnets	has	X
prod_01KTVK85RW3R5R9QVZH85RQ750	tpl-wfm-394-fm	Warning Feeling may Arise magnet	Fridge Magnets	has	X
prod_01KTVK8530Y47PV465JKDF9QHA	tpl-wmw-397-fm	Watch me whip Fridge magnet	Fridge Magnets	has	X
prod_01KTVK8621W4ADFESHRY3222FD	tpl-wmw-397	Watch me whip Fridge magnet	Fridge Magnets	has	X
prod_01KTVK86211BPEVDZVMRMH2RVP	tpl-wow-403	Woof woof Fridge magnet	Fridge Magnets	has	X
prod_01KTVK84PY8CQCYFQTFE4BPP8M	tpl-wia-404-fm	world in a bottle Fridge magnet	Fridge Magnets	has	X
prod_01KTVK869SG0SQ2QGVFJCSP5PN	tpl-wof-407	World on fire Fridge magnet	Fridge Magnets	EMPTY	X
prod_01KTVK85RX8KBJW8H2DH4JASPD	tpl-wof-407-fm	World on fire Fridge magnet	Fridge Magnets	EMPTY	X
prod_01KTVK84PZSER4A4TDRV3ZDAJQ	tpl-aco-3-kc	A cup of coffee Keychain	Keychains	has	X
prod_01KTVK852YCMMZB3AS7HY6799E	tpl-adi-13-kc	Adobe Illustrator Keychain	Keychains	has	X
prod_01KTVK852YXZVX68K06WMRVQPX	tpl-afe-18-kc	After effects Keychain	Keychains	has	X
prod_01KTVK852Y7YHF936VRFAXZNPF	tpl-aka-22-kc	Akatsuki Keychain	Keychains	has	X
prod_01KTVK84PY3JRSHVBF3KSEV2W6	tpl-awn-23-kc	All we need is love Keychain	Keychains	has	X
prod_01KTVK84PZPTAK9ZHPF9FHMRRX	tpl-alh-24-kc	Always hungry Keychain	Keychains	has	X
prod_01KTVK84PYX9T1NBGP12HBXQ32	tpl-alt-26-kc	Always tired Keychain	Keychains	has	X
prod_01KTVK852Y6SYYSJ7CJMSC81YG	tpl-ave-31-kc	Avengers Keychain	Keychains	has	X
prod_01KTVK852Y94FT9VEXRYH8GRVR	tpl-bat-33-kc	Batman Keychain	Keychains	has	X
prod_01KTVK852Y8T6HY96BJNF5C4CY	tpl-bib-39-kc	Bibliophile Keychain	Keychains	has	X
prod_01KTVK852YHVDFG520W68E492P	tpl-bno-41-kc	Black Nike offwhite Keychain	Keychains	has	X
prod_01KTVK852Y7MGCRT4CJS54224P	tpl-bob-43-kc	Boss Babe Keychain	Keychains	has	X
prod_01KTVK84PYHHF1GTFPXJNXB45K	tpl-bot-45-kc	Boy tears Keychain	Keychains	has	X
prod_01KTVK84PY1BT3M1N4RN4VPYDF	tpl-bur-57-kc	Bullshit remover Keychain	Keychains	has	X
prod_01KTVK84PZGAYEPZA6SSM9FYD3	tpl-bur-59-kc	Burger Keychain	Keychains	has	X
prod_01KTVK84PZZ9A9K01SVZQTKMY9	tpl-cal-60-kc	Camping lighter Keychain	Keychains	has	X
prod_01KTVK852YSMKZK7AC0VRBH2RX	tpl-caa-61-kc	Captain america Keychain	Keychains	has	X
prod_01KTVK85RYH0X54R1YCV8WK8PQ	tpl-caa-61	Captain america Keychain	Keychains	has	X
prod_01KTVK84PZRZKRJW87ZFD1TSR1	tpl-cfb-65-kc	Cat fish bowl Keychain	Keychains	has	X
prod_01KTVK85RYR41J6XY2X3MQF3EV	tpl-cfb-65	Cat fish bowl Keychain	Keychains	has	X
prod_01KTVK84PZM0SB27E3E9AEPY79	tpl-cya-68-kc	Cat yin and yang Keychain	Keychains	has	X
prod_01KTVK852YGKQ48FTB2RFDS92M	tpl-chp-74-kc	Chill pill Keychain	Keychains	has	X
prod_01KTVK85RYTGECZWFFRNBCA9SR	tpl-chp-74	Chill pill Keychain	Keychains	has	X
prod_01KTVK84PZS0Q9ES0NG6BH0HMX	tpl-coc-76-kc	Coca Cola Keychain	Keychains	has	X
prod_01KTVK84PZHGR4AD79HE51E22Y	tpl-cmm-78-kc	Coffee made my day keychain	Keychains	has	X
prod_01KTVK84PZ324DKGMN8S9ZZJHC	tpl-ccl-88-kc	Crazy cat lady Keychain	Keychains	has	X
prod_01KTVK84PYBQ3ZYGZGXQSH9CF9	tpl-cup-97-kc	Cute Peach keychain	Keychains	has	X
prod_01KTVK85RZB94PKQD9XK65BRK9	tpl-cus-100	cute sushi Keychain	Keychains	has	X
prod_01KTVK84PZMSTJRJ7QEQDFDX9B	tpl-cus-100-kc	cute sushi Keychain	Keychains	has	X
prod_01KTVK84Q0PZENYDEHW7YWBPRE	tpl-dvs-103-kc	Darth vader Star wars Keychain	Keychains	has	X
prod_01KTVK85RZREFTX2PB8RFMC5KV	tpl-dvs-103	Darth vader Star wars Keychain	Keychains	has	X
prod_01KTVK85RZ39VVCEBVRV133PQE	tpl-dek-106	Deadpool keychian	Keychains	has	X
prod_01KTVK84Q091QVS91PYVMVXA83	tpl-dek-106-kc	Deadpool keychian	Keychains	has	X
prod_01KTVK84PZ14GZKE69JJZ5FQWX	tpl-dop-111-kc	Dog paw Keychain	Keychains	has	X
prod_01KTVK85RZZB23Y3GK96Y15QB8	tpl-dop-111	Dog paw Keychain	Keychains	has	X
prod_01KTVK84PZQPRYR59S047WQG8A	tpl-dgw-113-kc	Dogs go woof Keychain	Keychains	has	X
prod_01KTVK84PZ1TYDWHY4W5E1G18C	tpl-dsm-114-kc	Don't stress meowt keychain	Keychains	has	X
prod_01KTVK861Z230JEPV132Q7XD4K	tpl-dsm-114	Don't stress meowt keychain	Keychains	has	X
prod_01KTVK84Q0EKA6TS3QVCS0HNWS	tpl-dod-115-kc	Donald Duck Keychain	Keychains	has	X
prod_01KTVK861ZSQKW7W15RDK9XEFJ	tpl-dod-115	Donald Duck Keychain	Keychains	has	X
prod_01KTVK84Q0DQ8TAJ04HSBMQ8AT	tpl-dus-122-kc	Duff Simpsons Keychain	Keychains	has	X
prod_01KTVK84PZ1G1GMM00HWAH5AXZ	tpl-edb-123-kc	Easily Distracted by Dogs Keychain	Keychains	has	X
prod_01KTVK861ZMKNWE6SBD3ZAQ4JF	tpl-edb-123	Easily Distracted by Dogs Keychain	Keychains	has	X
prod_01KTVK861Z8HEE970RJHEYHGKP	tpl-ens-126	Enjoy shitshow Keychain	Keychains	EMPTY	X
prod_01KTVK852YQASGFRQ2G7GEC17G	tpl-exm-131-kc	Explore more Keychain	Keychains	has	X
prod_01KTVK84Q0N76WYT89N57QJEC9	tpl-frf-139-kc	Friends frame Keychain	Keychains	has	X
prod_01KTVK861ZDCBGNH2P33X7P2ET	tpl-gam-149	Gameboy Keychain	Keychains	has	X
prod_01KTVK84PYAEF18F3Z7J9TYD9E	tpl-gam-149-kc	Gameboy Keychain	Keychains	has	X
prod_01KTVK84PZJKMJT4VQVV6KY6SR	tpl-gar-151-kc	Garfield Keychain	Keychains	has	X
prod_01KTVK861ZTQ12RSAMGG7HFP8T	tpl-gar-151	Garfield Keychain	Keychains	has	X
prod_01KTVK861ZV3NAANB3D8QJAA5B	tpl-gep-152	Gengar - pokemon	Keychains	has	X
prod_01KTVK84PZPFBBF4X867ERFC9B	tpl-g-amp-t-158-kc	Gin &amp; Tonic Keychain	Keychains	has	X
prod_01KTVK861ZYXQAA09XAZV3XKRQ	tpl-gip-159	Girl Power Keychain	Keychains	has	X
prod_01KTVK852YTX8TYBDMDW7YSAKM	tpl-gip-159-kc	Girl Power Keychain	Keychains	has	X
prod_01KTVK861Z8VED607J3KTQ0RCV	tpl-gib-161	give into beer pressure Keychain	Keychains	EMPTY	X
prod_01KTVK86202HCZ33RRKM6RCVD0	tpl-ges-163	Got em sneakers keychains	Keychains	has	X
prod_01KTVK852YFJPH1TPWX5MSSR0V	tpl-ges-163-kc	Got em sneakers keychains	Keychains	has	X
prod_01KTVK852Y7PWK7MRJ94QCY99N	tpl-hpd-169-kc	Harry Potter - Deathly Hallows Keychain	Keychains	has	X
prod_01KTVK86200YGHXNQEQHVCQK1D	tpl-hpd-169	Harry Potter - Deathly Hallows Keychain	Keychains	has	X
prod_01KTVK852Y10MEF4QQ85HNR82S	tpl-hpm-170-kc	Harry potter - Mischief Keychain	Keychains	has	X
prod_01KTVK84Q026022YPEES1CSWPW	tpl-him-176-kc	HIMYM Keychain	Keychains	has	X
prod_01KTVK8620GHMGS278G3824E72	tpl-him-176	HIMYM Keychain	Keychains	has	X
prod_01KTVK852YFCNTF38PRSZMR1S0	tpl-hog-177-kc	Hogwarts Keychain	Keychains	has	X
prod_01KTVK84Q0JTKE17AJJ7EF8RPX	tpl-hsb-178-kc	Homer Simpsons beer Keychain	Keychains	has	X
prod_01KTVK84Q0WYW0RRCH6ZF66GQP	tpl-hsd-179-kc	Homer Simpsons doughnut Keychain	Keychains	has	X
prod_01KTVK84PZWB160NZ6YRS1DKGY	tpl-hoc-180-kc	Hot cocoa Keychain	Keychains	has	X
prod_01KTVK84PYCPMX6BK8NHWHFMH1	tpl-hos-182-kc	Hot stuff Keychain	Keychains	has	X
prod_01KTVK84PYJ7SSYBC5NX0JEWW8	tpl-idr-193-kc	Idiot Repellent Keychain	Keychains	has	X
prod_01KTVK852YNHSBKEQVG5K8H1AZ	tpl-kma-203-kc	Kiss my airs keychains	Keychains	has	X
prod_01KTVK8620YQAVJ5Y2Q6H8K356	tpl-kma-203	Kiss my airs keychains	Keychains	has	X
prod_01KTVK84PYT62T05Y4A77ZSJ9J	tpl-lpm-209-kc	less panic more disco keychain	Keychains	has	X
prod_01KTVK86204VFE74HMHSAHKC6N	tpl-lpm-209	less panic more disco keychain	Keychains	has	X
prod_01KTVK84PZN3BR2E75CVFG8BJQ	tpl-lob-215-kc	Love bites Keychain	Keychains	has	X
prod_01KTVK852YENK7MPZYHJM5TYNK	tpl-mac-219-kc	Manchester city Keychain	Keychains	has	X
prod_01KTVK84PZTA3900EJMQZ4P1CR	tpl-mar-223-kc	Manta ray Keychain	Keychains	has	X
prod_01KTVK86206QMR3313V4PVDZ7D	tpl-mar-223	Manta ray Keychain	Keychains	has	X
prod_01KTVK84Q07KRBCP0WSVY6JQVG	tpl-mim-225-kc	Mickey mouse keychain	Keychains	has	X
prod_01KTVK862041XPZFERDNY9T2CM	tpl-mim-225	Mickey mouse keychain	Keychains	has	X
prod_01KTVK84PZKQX6T0H379NB19A1	tpl-mix-230-kc	Mixtape Keychain	Keychains	has	X
prod_01KTVK84PZHRQ5GC8D0W6CPXQ7	tpl-mom-233-kc	Monday morning Keychain	Keychains	has	X
prod_01KTVK84Q03AV6TE0T8RP650Q1	tpl-mor-244-kc	Morty Keychain	Keychains	has	X
prod_01KTVK852Y2Q38JSADTAFFKJM4	tpl-nar-248-kc	Naruto keychain	Keychains	has	X
prod_01KTVK86202G3V6S4GEJNKXK3R	tpl-nar-248	Naruto keychain	Keychains	has	X
prod_01KTVK852YG3V6PDKYNJSJ9XX5	tpl-nia-252-kc	Nike air Keychain	Keychains	has	X
prod_01KTVK86209YFFVK2TACCR1GE4	tpl-nia-252	Nike air Keychain	Keychains	has	X
prod_01KTVK852YHY3R6VVM0M25RZEE	tpl-nat-261-kc	Nike Air travis scott Keychain	Keychains	has	X
prod_01KTVK8620P22TTN0VVNZ4K57H	tpl-nat-261	Nike Air travis scott Keychain	Keychains	has	X
prod_01KTVK8620KE18BAK5Q2XD8ETQ	tpl-nin-267	Nine nine Keychain	Keychains	EMPTY	X
prod_01KTVK852Y6VRYH9P4T67XKQYD	tpl-noi-269-kc	Noice Keychain	Keychains	has	X
prod_01KTVK84PZJ871WV4ZMK10FXC3	tpl-peb-276-kc	Peaky blinders Keychain	Keychains	has	X
prod_01KTVK852Y2GWTNBR151ZWY09B	tpl-pho-279-kc	Photoshop Keychain	Keychains	has	X
prod_01KTVK86209QZPE5DJDGXYYQ2P	tpl-pho-279	Photoshop Keychain	Keychains	has	X
prod_01KTVK84PZA4ANRGFJXGYEQJXY	tpl-piz-286-kc	Pizza Keychain	Keychains	has	X
prod_01KTVK8620ZWBG1STAFMEY7N1Z	tpl-pok-293	Pokeball Keychain	Keychains	has	X
prod_01KTVK84Q0Q5N9NVJPMTJ8GEHG	tpl-pok-293-kc	Pokeball Keychain	Keychains	has	X
prod_01KTVK84PYYZMK34XYAV9TY81K	tpl-pol-297-kc	Polaroid Keychain	Keychains	has	X
prod_01KTVK8620BDKDAXC8053CE2T0	tpl-pol-297	Polaroid Keychain	Keychains	has	X
prod_01KTVK852YE4TQRPC4VR3F1907	tpl-prp-299-kc	Premiere Pro Keychain	Keychains	has	X
prod_01KTVK86206BNMZHD2QAZR9NP1	tpl-prp-299	Premiere Pro Keychain	Keychains	has	X
prod_01KTVK84PZQ1H6CGNZ7189BAE0	tpl-pbw-304-kc	Professional binge watcher Keychain	Keychains	has	X
prod_01KTVK852YJFVQ1XKKZVXC4501	tpl-rno-315-kc	Red Nike offwhite Keychain	Keychains	has	X
prod_01KTVK86216QGQZ0WJ2YRHC9DC	tpl-rno-315	Red Nike offwhite Keychain	Keychains	has	X
prod_01KTVK86219D0AMCAFK2DMBMK0	tpl-ram-320	Rick and morty Keychain	Keychains	has	X
prod_01KTVK84Q0CSD0NGQWPFM99AD7	tpl-ram-320-kc	Rick and morty Keychain	Keychains	has	X
prod_01KTVK84Q0EH569E8Z169QHQH1	tpl-ric-318-kc	Rick Keychain	Keychains	has	X
prod_01KTVK84PY7HSWQ34S9YZ151M4	tpl-ros-327-kc	Rolling stones Keychain	Keychains	has	X
prod_01KTVK84PZPGRJWWEM7XVG3J82	tpl-scu-331-kc	Scuba Keychain	Keychains	has	X
prod_01KTVK8621Q16WXZ31ADNSDPJN	tpl-scu-331	Scuba Keychain	Keychains	has	X
prod_01KTVK84PYWYE8EQKKPJ7BSK21	tpl-shh-335-kc	Shit happens Keychain	Keychains	has	X
prod_01KTVK852Y071KJXN9JB5FDM0Z	kc	Sneaker collection Keychain	Keychains	has	X
prod_01KTVK8621FQ8DTP0TC2RPC7DS	sneaker-collection-keychain	Sneaker collection Keychain	Keychains	has	X
prod_01KTVK852Y602FAP22QP66J4R6	tpl-snk-345-kc	SNKRS keychains	Keychains	has	X
prod_01KTVK8621REBTDPJXN91DGVBP	tpl-spi-352	Spiderman Keychain	Keychains	has	X
prod_01KTVK84PZP0BA88TQE6F1D6PG	tpl-smf-358-kc	Starwars millennium falcon Keychain	Keychains	has	X
prod_01KTVK86214T9T7DW8KCS0E744	tpl-smf-358	Starwars millennium falcon Keychain	Keychains	has	X
prod_01KTVK84PZEDTQ02PXT0T0YHVY	tpl-str-359-kc	Starwars R2D2 Keychain	Keychains	has	X
prod_01KTVK84PYH8RF5MC55J8ZH8SF	tpl-sof-362-kc	Straight outta F#_ks to give Keychain	Keychains	has	X
prod_01KTVK84PYQCSSPRBB8TDWRCCS	tpl-sui-367-kc	Suck it Keychain	Keychains	has	X
prod_01KTVK86218HXETG9TNAAYWN3D	tpl-sup-370	Superman Keychain	Keychains	has	X
prod_01KTVK852YJXGWS454EJG9ZZM8	tpl-sup-370-kc	Superman Keychain	Keychains	has	X
prod_01KTVK84PZ8DMJ3A91A8DK4EYT	tpl-sul-373-kc	Sushi love Keychain	Keychains	has	X
prod_01KTVK84PY3GXP5G4RNHHD8ARK	tpl-tmo-377-kc	Take me out keychain	Keychains	has	X
prod_01KTVK8621K2HBR100AA3ZGWP5	tpl-tom-382	Title of my sex tape Keychain	Keychains	EMPTY	X
prod_01KTVK84PZKBGYV0NQZMV5NQ58	tpl-trb-385-kc	Travel backpack Keychain	Keychains	has	X
prod_01KTVK84PZ62B3KFYSHS6ZZ9K7	tpl-uni-388-kc	Unicorn Keychain	Keychains	has	X
prod_01KTVK84PZ7FEX41DYDWY251W9	tpl-via-389-kc	Vacation in a bottle Keychain	Keychains	has	X
prod_01KTVK8621PSXE13Z8BE1KKJTP	tpl-vis-392	Vinyl set Keychain	Keychains	EMPTY	X
prod_01KTVK84PZEQ31VBNM32A04G9R	tpl-vis-393-kc	Vitamin sea Keychain	Keychains	has	X
prod_01KTVK8621PM2QXRCDRPY80PWQ	tpl-wfm-395	Warning feelings may arise Keychain	Keychains	has	X
prod_01KTVK84PYBDJZV5CT1KK0XDF8	tpl-wfm-395-kc	Warning feelings may arise Keychain	Keychains	has	X
prod_01KTVK84PYAA9NP688NZ2NF23B	tpl-was-396-kc	WASD Keychain	Keychains	has	X
prod_01KTVK8621DZAHCD05SNE2KJ1P	tpl-was-396	WASD Keychain	Keychains	has	X
prod_01KTVK852Y6EKY22R8GCRAWESQ	tpl-wmw-397-kc	Watch me whip Keychain	Keychains	has	X
prod_01KTVK84PZYZNA3QZS07NH8F0F	tpl-wia-404-kc	world in a bottle Keychain	Keychains	has	X
prod_01KTVK85DVTVNCKEBFXPXWW27Q	tpl-aco-3-lp	A cup of coffee lapel pin	Lapel Pins	has	X
prod_01KTVK85RWXWSK701H7QB5CQGH	tpl-adi-13-lp	Adobe Illustrator Lapel Pin	Lapel Pins	has	X
prod_01KTVK85DWWYC7MZQGWK2015BK	tpl-afe-18-lp	After effects Lapel Pin	Lapel Pins	has	X
prod_01KTVK85DVBJPG454DZV23N4YP	tpl-awn-23-lp	All we need is love lapel pin	Lapel Pins	has	X
prod_01KTVK85DVS6N373TSYVKSCX2W	tpl-alt-26-lp	Always tired lapel pin	Lapel Pins	has	X
prod_01KTVK85DWG0JYYVYRMMHWWHTD	tpl-ars-28-lp	Arsenal Lapel Pin	Lapel Pins	has	X
prod_01KTVK85DV4T676N90VG9YWSD4	tpl-bob-43-lp	Boss Babe Lapel Pin	Lapel Pins	has	X
prod_01KTVK85DV87M49BHK0V5ZN7A3	tpl-bot-45-lp	Boy tears lapel pin	Lapel Pins	has	X
prod_01KTVK85DW69C79BNW1DE8A14V	tpl-bts-55-lp	BTS lapel pin	Lapel Pins	has	X
prod_01KTVK85DV4ZS6D1106AAQCBHT	tpl-bur-57-lp	Bullshit remover lapel pin	Lapel Pins	has	X
prod_01KTVK85DWB3PJCWG0HM63MS45	tpl-bur-59-lp	Burger Lapel Pin	Lapel Pins	has	X
prod_01KTVK85DVFMS0C57SV3S6TJ15	tpl-cal-60-lp	Camping lighter Lapel Pin	Lapel Pins	has	X
prod_01KTVK85DWQ1RAFMNSQ5KAT215	tpl-caa-61-lp	Captain america lapel pin	Lapel Pins	has	X
prod_01KTVK85DVRQQGBFBZW1HW4S53	tpl-cfb-65-lp	Cat fish bowl lapel pin	Lapel Pins	has	X
prod_01KTVK85DVY9F5HSDX3VNM5X3V	tpl-cya-68-lp	Cat yin and yang lapel pin	Lapel Pins	has	X
prod_01KTVK85DWVQ8HF131ZGRPZ3GH	tpl-che-70-lp	Chelsea Lapel Pin	Lapel Pins	has	X
prod_01KTVK85RWXMB6BP24AK4AEQJF	tpl-chp-74-lp	Chill pill Lapel Pin	Lapel Pins	has	X
prod_01KTVK85DV8QHD820ARMNR24CQ	tpl-coc-76-lp	Coca Cola Lapel Pin	Lapel Pins	has	X
prod_01KTVK85DVST0W6Y2ACQBXF25K	tpl-cof-77-lp	Coffee lapel pin	Lapel Pins	has	X
prod_01KTVK85DVPDP3J48B1M2DJP2R	tpl-cmm-78-lp	Coffee made my day lapel pin	Lapel Pins	has	X
prod_01KTVK85DW318827T8SW6XZXDJ	tpl-ccl-88-lp	Crazy cat lady lapel pin	Lapel Pins	has	X
prod_01KTVK85RX3ZWZTCVMMA3X2BQK	tpl-crb-90-lp	Crystal bullshit Lapel pin	Lapel Pins	has	X
prod_01KTVK85DVC3J6B7A7QR0CDAY6	tpl-cuc-95-lp	Cute cat lapel pin	Lapel Pins	has	X
prod_01KTVK85DW27TD75WJ6YBTHB7W	tpl-cus-99-lp	Cute sushi lapel pin	Lapel Pins	has	X
prod_01KTVK85DV9EY2X4EVAJ1RCX1F	tpl-dgw-113-lp	Dogs go woof Lapel Pin	Lapel Pins	has	X
prod_01KTVK85DWVW2J9VV32BV3KN5B	tpl-dsm-114-lp	Don't stress meowt lapel pin	Lapel Pins	has	X
prod_01KTVK85DWNH4C2Q4NRWHQYMA1	tpl-dod-115-lp	Donald Duck lapel pin	Lapel Pins	has	X
prod_01KTVK85DWGXYE2CDS2ME9FJRT	tpl-dou-117-lp	Doughnut lapel pin	Lapel Pins	has	X
prod_01KTVK85DW6SYG7WEX8BPHDHC1	tpl-dus-122-lp	Duff Simpsons lapel pin	Lapel Pins	has	X
prod_01KTVK85DVSHGCD3FC09AZSBY9	tpl-edb-124-lp	Easily distracted by dogs Lapel Pin	Lapel Pins	has	X
prod_01KTVK85RXZ7V3S9DPT6B1NAWB	tpl-esm-129-lp	Everthing sucks Mixtape Lapel pin	Lapel Pins	has	X
prod_01KTVK85RWKN3QB7Q490FNFG2G	tpl-exm-131-lp	Explore more Lapel Pin	Lapel Pins	has	X
prod_01KTVK85RXKNS26046FGTF50WT	tpl-fil-132-lp	Fierce Lighter Lapel pin	Lapel Pins	has	X
prod_01KTVK85DWSWS6P19GHST0KP40	tpl-frf-139-lp	Friends frame Lapel Pin	Lapel Pins	has	X
prod_01KTVK85DV45BA56GRMYZE7FS5	tpl-fri-140-lp	Fries Lapel Pin	Lapel Pins	has	X
prod_01KTVK85DW0EBSTQZXXP4K6TEK	tpl-gar-151-lp	Garfield lapel pin	Lapel Pins	has	X
prod_01KTVK85DVQWJFNEPQ54HS5JS6	tpl-g-amp-t-158-lp	Gin &amp; Tonic Lapel Pin	Lapel Pins	has	X
prod_01KTVK85RW5T63DMB4E25SKVT8	tpl-gip-159-lp	Girl Power Lapel Pin	Lapel Pins	has	X
prod_01KTVK85RW8D6KA4W1PKDZCMX3	tpl-ges-163-lp	Got em sneakers lapel pin	Lapel Pins	has	X
prod_01KTVK85RW49ZZKK96SS316TVH	tpl-hpd-169-lp	Harry Potter - Deathly Hallows Lapel Pin	Lapel Pins	has	X
prod_01KTVK85RWKPEM9NZGSYX2FE5T	tpl-hpm-170-lp	Harry potter - Mischief lapel Pin	Lapel Pins	has	X
prod_01KTVK85RWMS246VVAH56SP8KY	tpl-hia-175-lp	High af1 lapel pin	Lapel Pins	has	X
prod_01KTVK85DW2FMDJXXN7KGV796X	tpl-him-176-lp	HIMYM Lapel Pin	Lapel Pins	has	X
prod_01KTVK85RWWH0CDK5H6359H0ZS	tpl-hog-177-lp	Hogwarts lapel pin	Lapel Pins	has	X
prod_01KTVK85DWM8V5C8R5QY24ADFN	tpl-hsb-178-lp	Homer Simpsons beer lapel pin	Lapel Pins	has	X
prod_01KTVK85DWT4AC242YPC670N57	tpl-hsd-179-lp	Homer Simpsons doughnut lapel pin	Lapel Pins	has	X
prod_01KTVK85DW8T0XSC6132Y7BY5E	tpl-hoc-180-lp	Hot cocoa lapel pin	Lapel Pins	has	X
prod_01KTVK85DVX95MXQV9C26EX360	tpl-hos-182-lp	Hot stuff lapel pin	Lapel Pins	has	X
prod_01KTVK85DVZMKE512CJKJF45SH	tpl-igi-185-lp	I give into beer lapel pin	Lapel Pins	has	X
prod_01KTVK85DV71BDX4KGF4DJAXQC	tpl-idr-193-lp	Idiot Repellent Lapel Pin	Lapel Pins	has	X
prod_01KTVK85RWZZ9G683YFFD4FTYM	tpl-kma-203-lp	Kiss my airs lapel pin	Lapel Pins	has	X
prod_01KTVK85DVJP2YKQCVNFFZA44D	tpl-lpm-208-lp	Less panic more disco lapel pin	Lapel Pins	has	X
prod_01KTVK85DW67DA6KMKEFPQT2DV	tpl-lob-215-lp	Love bites Lapel Pin	Lapel Pins	has	X
prod_01KTVK85DWPZ83ZGDSK94W560P	tpl-mac-217-lp	Macaron lapel pin	Lapel Pins	has	X
prod_01KTVK85DVN6CBQ5CNK7DYEN9C	tpl-mar-222-lp	Manta Ray lapel pin	Lapel Pins	has	X
prod_01KTVK85DWAZMZHVB5Q60HKT78	tpl-mim-225-lp	Mickey mouse lapel pin	Lapel Pins	has	X
prod_01KTVK85DVAXE95M6K07HMYJ0F	tpl-mom-233-lp	Monday morning lapel pin	Lapel Pins	has	X
prod_01KTVK85DVHCDWW55QFR2XJF8H	tpl-mor-244-lp	Morty lapel pin	Lapel Pins	has	X
prod_01KTVK85RWMYNWJHQFD5VM2S9A	tpl-nar-258-lp-tpl-nar-258-kc	Nike Air Red offwhite lapel pin	Lapel Pins	has	X
prod_01KTVK86200H0T5V8KBQ50AP2E	nike-air-red-offwhite-lapel-pin	Nike Air Red offwhite lapel pin	Lapel Pins	has	X
prod_01KTVK85RWGSTZY47V02CDV2SK	tpl-nat-260-lp	Nike Air travis Scott lapel pin	Lapel Pins	has	X
prod_01KTVK85RXXJZ11A6PXDSHBHFV	tpl-nin-267-lp	Nine nine Lapel Pin	Lapel Pins	has	X
prod_01KTVK85RWD9055ABMTC4Y729V	tpl-noi-269-lp	Noice Lapel Pin	Lapel Pins	has	X
prod_01KTVK85DVPJKV80DEEA1E529Z	tpl-paw-274-lp	Paw Lapel Pin	Lapel Pins	has	X
prod_01KTVK85DWS4XZN7AKJ9V6D19J	tpl-peb-276-lp	Peaky blinders Lapel Pin	Lapel Pins	has	X
prod_01KTVK85DVBPTN676HGWDMHHN6	tpl-piz-286-lp	Pizza Lapel Pin	Lapel Pins	has	X
prod_01KTVK85DVBX9QQYSQYHEXQDMH	tpl-pla-291-lp	Playstation Lapel Pin	Lapel Pins	has	X
prod_01KTVK85DVZJZCZCT9H0K0QXQJ	tpl-pol-297-lp	Polaroid Lapel Pin	Lapel Pins	has	X
prod_01KTVK85RWZ04XD9MWDQVDRJXW	tpl-prp-299-lp	Premiere Pro Lapel Pin	Lapel Pins	has	X
prod_01KTVK85DVZ277NQ3HKGBCNMSW	tpl-pbw-304-lp	Professional binge watcher lapel pin	Lapel Pins	has	X
prod_01KTVK85DWPM40140A3N2YTZED	tpl-pww-308-lp	Pubg - Winner winner chicken dinner Lapel Pin	Lapel Pins	has	X
prod_01KTVK85DVEYV4E8FNQH3RC5AT	tpl-ric-318-lp	Rick lapel pin	Lapel Pins	has	X
prod_01KTVK85DW2DKS4A38KCPKB5XK	tpl-rnm-323-lp	Rick n Morty Lapel Pin	Lapel Pins	has	X
prod_01KTVK85DV492JH4FY3A2KC2T7	tpl-ros-327-lp	Rolling stones Lapel Pin	Lapel Pins	has	X
prod_01KTVK85DVQ59974Q3W3AKW48Q	tpl-scu-331-lp	Scuba lapel pin	Lapel Pins	has	X
prod_01KTVK85RXC2GFTPT1TT3KENF0	tpl-ses-334-lp	Serotonin spray Lapel pin	Lapel Pins	has	X
prod_01KTVK85DVZ0XXKMZZ997F9Z2K	tpl-shh-335-lp	Shit happens lapel pin	Lapel Pins	has	X
prod_01KTVK85RXM6TRK2PNMVZFTKCA	smokers-access-lapel-pin	Smokers Access Lapel Pin	Lapel Pins	has	X
prod_01KTVK85RX9HP4Q99V4SXK9GV9	smokers-access-lapel-pin-2	Smokers Access Lapel Pin	Lapel Pins	has	X
prod_01KTVK85RWWGE63MRYW1JR81R2	lp	Sneaker collection Lapel Pin	Lapel Pins	has	X
prod_01KTVK85DWQC5NCKMXNTWZQM76	tpl-spi-352-lp	Spiderman lapel pin	Lapel Pins	has	X
prod_01KTVK85DWHDE71XDTNW0B5RSD	tpl-smf-358-lp	Starwars millennium falcon Lapel Pin	Lapel Pins	has	X
prod_01KTVK85DW4RB743ST29PATGQF	tpl-str-359-lp	Starwars R2D2 Lapel Pin	Lapel Pins	has	X
prod_01KTVK85DV9KA094SK53VQ1NWT	tpl-sof-362-lp	Straight outta F#_ks to give lapel pin	Lapel Pins	has	X
prod_01KTVK85DVX8SKAMZNS5FKWWK5	tpl-sui-367-lp	Suck it Lapel Pin	Lapel Pins	has	X
prod_01KTVK85DW3YHBWEPM27CZH00Z	tpl-sup-370-lp	Superman Lapel Pin	Lapel Pins	has	X
prod_01KTVK85DWCKEKE7FZMYJW1KF8	tpl-sul-373-lp	Sushi love lapel pin	Lapel Pins	has	X
prod_01KTVK85DVB7TAHPNQJMRQ0808	tpl-tmo-377-lp	Take me out lapel pin	Lapel Pins	has	X
prod_01KTVK85RX0W870GG8GGPFH8B0	tpl-tom-382-lp	Title of my sex tape lapel pin	Lapel Pins	has	X
prod_01KTVK85DVSDVD8WER4D9ZG9MT	tpl-trb-385-lp	Travel backpack lapel pin	Lapel Pins	has	X
prod_01KTVK85DVZ9EPX44MJQZKHKKD	tpl-uni-388-lp	Unicorn Lapel Pin	Lapel Pins	has	X
prod_01KTVK85DVJPZZX3N2NS5CQM2G	tpl-vis-393-lp	Vitamin sea lapel pin	Lapel Pins	has	X
prod_01KTVK85DVFK9TGVZ2G4Z75XKZ	tpl-wfm-395-lp	Warning feelings may arise Lapel Pin	Lapel Pins	has	X
prod_01KTVK85DV3PGQJRDF1968MJQQ	tpl-was-396-lp	WASD Lapel Pin	Lapel Pins	has	X
prod_01KTVK85RWCMEAEAPW7HWT96DM	tpl-wmw-397-lp	Watch me whip lapel pin	Lapel Pins	has	X
prod_01KTVK85DVPG5W6R60MGBWXVE4	tpl-wia-404-lp	world in a bottle Lapel Pin	Lapel Pins	has	X
prod_01KTVK85RXBEWADBD61KH4CYJ7	tpl-wof-407-lp	World on fire Lapel pin	Lapel Pins	has	X
prod_01KTVK85DT4B8EHSMTA40HY13K	tpl-ads-15-ls	Adobe sticker	Laptop Stickers	has	X
prod_01KTVK85DT15TF5JJ16A939RSY	tpl-cos-79-ls	Coffee sticker	Laptop Stickers	has	X
prod_01KTVK85DT7AZBD6EJ9JGFGBDE	tpl-ccl-87-ls	Crazy Cat Lady Sticker	Laptop Stickers	has	X
prod_01KTVK85DTHYV80SQ1JQA6X9ZZ	tpl-ccl-96-ls	Cute Cat love sticker	Laptop Stickers	has	X
prod_01KTVK85DTS5F886BZGYJ56ZX8	tpl-dos-118-ls	Doughnut sticker	Laptop Stickers	has	X
prod_01KTVK85DTT76AN6T6WJJBBRYA	tpl-gps-160-ls	Girl power sticker	Laptop Stickers	has	X
prod_01KTVK85DTEGBW9C1RH327JJW6	tpl-hpm-171-ls	Harry potter-mischief Sticker	Laptop Stickers	has	X
prod_01KTVK85DVFW3HAK4HVB5R5QV6	tpl-hbs-173-ls	Heart breaker sticker	Laptop Stickers	has	X
prod_01KTVK85DT924PWSGKMVNMGMPW	tpl-hsb-178-ls	Homer Simpsons beer Sticker	Laptop Stickers	has	X
prod_01KTVK85DVES17V48QB26KP5ZW	tpl-hss-183-ls	Hot stuff sticker	Laptop Stickers	has	X
prod_01KTVK85DTXY47S5HVAJ51QD2P	tpl-mas-218-ls	macaroon sticker	Laptop Stickers	has	X
prod_01KTVK85DTFTGVJVBHJ4C96JPG	tpl-mms-226-ls	Mickey mouse sticker	Laptop Stickers	has	X
prod_01KTVK85DT1RX1NH7KCZGKJCYY	tpl-mun-246-ls	Munchies Sticker	Laptop Stickers	has	X
prod_01KTVK85DTP2EVK2FHZXPAE7ZZ	tpl-naj-256-ls	Nike Air jordans  sticker	Laptop Stickers	has	X
prod_01KTVK85DT0EWHK98B9HB0CAM4	tpl-nas-259-ls	Nike Air sticker	Laptop Stickers	has	X
prod_01KTVK85DVM31M3KH7GWD7E6PA	tpl-now-263-ls	Nike off white Air sticker	Laptop Stickers	has	X
prod_01KTVK85DT6WZZGWM3SNEZNAES	tpl-now-264-ls	Nike off white black Air Sticker	Laptop Stickers	has	X
prod_01KTVK85DTBYFCGT9QSAKMNKCR	tpl-pbs-278-ls	Peaky blinders sticker	Laptop Stickers	has	X
prod_01KTVK85DT10D0HBGZM27VMA36	tpl-pis-281-ls	Photoshop illustrator sticker	Laptop Stickers	has	X
prod_01KTVK85DVCFX087A6H17HAGNN	tpl-pis-290-ls	Pizza sticker	Laptop Stickers	has	X
prod_01KTVK85DT9HTJW93N8C1HKXDJ	tpl-ric-318-ls	Rick Sticker	Laptop Stickers	has	X
prod_01KTVK85DT2D59YT9R57VC3V8H	ls	Scuba diving sticker	Laptop Stickers	has	X
prod_01KTVK85DTKWGV2GVP434ZRAVR	if-ls-0029	Star wars sticker	Laptop Stickers	has	X
prod_01KTVK85DTS0MM533XVX8CYJEW	tpl-str-359-ls	Starwars R2D2 Sticker	Laptop Stickers	has	X
prod_01KTVK85DTM181R2E47CYG1KS2	tpl-sos-360-ls	Straight Outa sticker	Laptop Stickers	has	X
prod_01KTVK85DTCZ6S8H4MKJYKY3A0	tpl-sls-374-ls	Sushi Love  sticker	Laptop Stickers	has	X
prod_01KTVK85DTP87195GF53WGA28Q	tpl-tbs-386-ls	Travel Bagpack sticker	Laptop Stickers	has	X
prod_01KTVK85DT89D1AM8YR10HH61R	tpl-wia-404-ls	World in a Bottle Sticker	Laptop Stickers	has	X
prod_01KTVK85RX6WEA1AQJ884DGMW0	tpl-exm-131-lt	Explore more Luggage tags	Luggage Tag	EMPTY	X
prod_01KTVK85RXZDW3MS2ZYJ708A10	tpl-mom-233-lt	Monday morning Luggage tags	Luggage Tag	EMPTY	X
prod_01KTVK85RX2CGVVTQ9N5FTC111	tpl-shh-335-lt	Shit happens Luggage tags	Luggage Tag	EMPTY	X
prod_01KTVK85RX5M3403CSZQ20A5KS	tpl-alt-0013	world in a bottle Luggage tags	Luggage Tag	EMPTY	X
prod_01KTVK85RWSY4XV2N0899FQ3XM	tpl-bnn-54-3ds	Broklyn Nine Nine Pop up 3D Sticker	Pop Up Stickers	has	X
prod_01KTVK85RW8WPYSYJGHTKR32AM	tpl-cof-77-3ds	Coffee Pop up 3D Sticker	Pop Up Stickers	has	X
prod_01KTVK85RXNANFJJ1GN9BBJRDX	tpl-cuc-95-3ds	Cute cat Pop up 3D Sticker	Pop Up Stickers	has	X
prod_01KTVK85RXVSQJQ19XEGHY7N8T	tpl-dog-112-3ds	Dogs Pop up 3D Sticker	Pop Up Stickers	has	X
prod_01KTVK85RW7J3952CHGVQ8VW37	tpl-hap-168-3ds	Harry potter Pop up 3D Sticker	Pop Up Stickers	has	X
prod_01KTVK85RXDTT18DYP2P8ZEMTM	tpl-hos-181-3ds	Hot Stuff Pop up 3D Sticker	Pop Up Stickers	has	X
prod_01KTVK85RX3PSRKX9DW99BWQTB	tpl-idr-193-3ds	Idiot Repellent Pop up 3D Sticker	Pop Up Stickers	has	X
prod_01KTVK85RX2SKCNY79FPR295G9	tpl-lob-214-3ds	Love Bites Pop up 3D Sticker	Pop Up Stickers	has	X
prod_01KTVK85RXS3T7EZY6NZNVDGNP	tpl-mun-246-3ds	Munchies Pop up 3D Sticker	Pop Up Stickers	has	X
prod_01KTVK85RXKQF49T4YSQH9F28H	tpl-niu-265-3ds	Nike up Pop up 3D Sticker	Pop Up Stickers	has	X
prod_01KTVK85RWAM09E7EYRV30PDM3	tpl-r-amp-m-319-3ds	Rick & Morty Pop up 3D Sticker	Pop Up Stickers	has	X
prod_01KTVK85RX3X5SAHNK4K7AHG4M	tpl-sof-362-3ds	Straight outta F#_ks Pop up 3D Sticker	Pop Up Stickers	has	X
prod_01KTVK85RXM52ZPJSR5DHMY8KK	tpl-sus-372-3ds	Sushi Pop up 3D Sticker	Pop Up Stickers	has	X
prod_01KTVK85RXJ6ARX8CC3SJQGKGP	tpl-tra-384-3ds	Travel Pop up 3D Sticker	Pop Up Stickers	has	X
(502 rows)
